fielddate	CPI_M_CHI	WAG_M	WAG_C_M	IP2_EA_M	UNEMPL_M_SH	RTRD_M_DIRI	RTRD_M	INVFC_M	IM_T_M	USD	EUR	RTS_LAST_VALUE	RTS_CLOSE_MEAN	RTS_TRADING_VOLUME_MEAN	DEP_FIZ	IPOT_CNT	IPOT_VOLUME	IPOT_DEBT
1992-01	345.0																	
1992-02	138.0																	
1992-03	130.0																	
1992-04	122.0																	
1992-05	112.0																	
1992-06	119.0																	
1992-07	111.0																	
1992-08	109.0																	
1992-09	112.0																	
1992-10	123.0																	
1992-11	126.0																	
1992-12	125.0																	
1993-01	126.0	100.0	15.3															
1993-02	125.0	99.04	19.1															
1993-03	120.0	101.77	23.6															
1993-04	119.0	110.05	30.6															
1993-05	118.0	115.47	37.5															
1993-06	120.0	120.65	47.4															
1993-07	122.0	116.38	56.0															
1993-08	126.0	107.85	65.4															
1993-09	123.0	108.93	80.9															
1993-10	120.0	103.39	93.0															
1993-11	116.0	99.35	101.5															
1993-12	113.0	119.75	141.2															
1994-01	118.0	97.0	134.2		6.4	100.0		3.7	3.5									
1994-02	111.0	94.09	144.7		6.8	100.0		4.4	3.7									
1994-03	107.0	99.74	164.8		7.1	117.7		4.3	4.1									
1994-04	108.0	95.75	171.5		7.4	107.6		6.0	3.7									
1994-05	107.0	95.84	183.5		7.4	102.0		7.7	4.1									
1994-06	106.0	102.55	207.5		7.4	106.6		8.4	4.2									
1994-07	105.0	103.58	221.0		7.5	111.4		8.5	3.9									
1994-08	105.0	104.61	232.8		7.7	117.0		9.1	4.2									
1994-09	108.0	105.66	253.2		7.7	116.2		8.8	4.5									
1994-10	115.0	96.15	265.0		7.7	116.2		10.2	4.3									
1994-11	115.0	89.42	281.6		7.8	110.9		15.0	4.8									
1994-12	116.0	96.57	354.2		7.8	119.1		22.8	5.5									
1995-01	118.0	69.53	302.6		7.9	98.6	27.3	7.2	3.9									
1995-02	111.0	66.75	321.0		8.1	92.3	28.1	10.9	4.5									
1995-03	109.0	68.75	361.5		8.0	99.2	32.9	11.4	5.0									
1995-04	108.5	67.38	386.2		8.2	93.2	33.4	12.9	4.4									
1995-05	107.9	69.4	429.9		8.3	102.5	39.4	16.2	4.9									
1995-06	106.7	72.87	480.6		8.4	102.4	41.7	19.3	5.3									
1995-07	105.4	72.14	499.5		8.5	102.4	43.7	20.1	5.5									
1995-08	104.6	71.85	520.6		8.8	106.3	47.5	22.1	5.2									
1995-09	104.5	74.73	564.5		8.9	105.9	49.4	24.0	5.1			86.09	96.6115	1567075.2				
1995-10	104.7	75.47	594.5		9.2	108.4	52.7	26.2	5.7			73.56	77.2840909090909	1963754.4545454546				
1995-11	104.6	74.79	615.7		9.1	108.6	55.1	34.6	6.4			70.47	71.65857142857142	2076149.0476190476				
1995-12	103.2	86.76	735.5		9.0	116.0	60.7	62.0	6.7			82.92	78.9921052631579	2365342.210526316				
1996-01	104.1	73.75	654.8		9.1	106.2	57.5	17.0	4.8			80.71	84.5835294117647	4304524.705882353				
1996-02	102.8	75.22	684.4		9.3	96.4	53.3	18.0	5.7			71.31	77.23428571428572	4044227.0				
1996-03	102.8	79.74	745.0		9.2	101.0	57.1	22.8	5.9			75.63	71.18100000000001	3754258.3				
1996-04	102.2	78.14	746.5		9.5	101.9	58.6	24.2	6.1			103.98	90.70909090909092	10249026.136363637				
1996-05	101.6	80.48	779.3		9.6	99.9	58.2	24.0	5.6			146.91	121.94800000000001	12123509.65				
1996-06	101.2	85.39	837.2		9.6	99.9	58.9	27.0	5.5			204.13	169.79421052631582	19415579.52631579				
1996-07	100.7	85.39	842.8		9.7	101.2	60.1	27.3	6.0			152.15	170.9668181818182	11181516.363636363				
1996-08	99.8	84.54	831.0		9.7	103.3	61.2	27.9	5.8			182.64	176.77590909090912	8992181.090909092				
1996-09	100.3	86.23	848.1		9.8	105.0	62.5	30.0	5.2			165.93	171.95380952380953	11931627.285714285				
1996-10	101.2	84.51	843.3		9.8	105.1	63.1	32.0	5.6			177.99	177.29956521739135	15461150.652173912				
1996-11	101.9	81.97	835.0		9.9	104.9	64.0	48.9	5.5			187.9	188.13799999999998	11820292.35				
1996-12	101.4	98.37	1017.0		10.0	117.6	72.6	76.9	6.3			200.5	188.5663636363636	6556350.7727272725				
1997-01	102.3	76.73	812.0		10.1	107.9	67.9	22.5	4.7			274.68	257.236	28612342.4				
1997-02	101.5	76.73	821.0		10.3	99.9	63.4	24.1	5.0			329.97	314.55000000000007	24094843.6				
1997-03	101.4	82.86	903.0		10.5	104.3	66.9	26.6	5.5			301.3	316.2925	15636513.1				
1997-04	101.0	82.03	901.0		10.7	105.7	68.4	26.0	6.1			321.19	295.8677272727272	21183572.09090909				
1997-05	100.9	83.02	920.0		10.9	103.4	67.3	27.1	5.4			355.64	353.3131578947368	28254672.684210528				
1997-06	101.1	88.66	993.2		10.9	102.2	67.1	32.3	5.7			418.63	382.7580000000001	35665795.0				
1997-07	100.9	88.4	999.1		10.9	102.9	68.0	33.4	6.3			506.45	485.47043478260866	51801273.30434783				
1997-08	99.9	86.98	982.3		10.9	106.8	70.5	36.0	6.0			474.8	532.4319047619049	60086977.666666664				
1997-09	99.7	91.16	1026.2		11.0	111.5	73.4	39.5	6.1			498.42	491.4186363636364	47486806.54545455				
1997-10	100.2	89.15	1006.1		11.1	111.6	73.7	37.2	6.7			422.26	515.6960869565216	96589070.17391305				
1997-11	100.6	87.91	997.8		11.2	113.3	75.2	41.2	6.4			328.48	374.8605263157895	49664624.05263158				
1997-12	101.0	106.01	1214.8		11.2	131.6	88.1	62.9	8.1			396.86	368.3677272727272	45965988.09090909				
1998-01	101.5	83.01	988.0		11.4	110.3	73.8	22.1	5.6			284.35	328.3463157894737	67936588.89473684				
1998-02	100.9	82.51	1000.0		11.6	100.7	67.9	23.7	5.9			309.56	303.94449999999995	64584228.3				
1998-03	100.6	88.29	1059.0		11.7	104.2	70.6	26.1	6.3			325.5	337.9142857142857	89038411.85714285				
1998-04	100.4	86.52	1040.0		11.7	104.5	70.9	25.5	6.0			312.37	314.0395454545455	56859672.18181818				
1998-05	100.5	86.26	1047.0		11.5	103.8	70.7	26.6	5.6			191.29	248.78055555555557	66911606.0				
1998-06	100.1	92.21	1122.0		11.3	102.8	70.0	31.8	5.7			151.35	180.33428571428573	32541808.04761905				
1998-07	100.2	90.74	1110.0		11.3	105.1	71.6	32.9	5.5			149.65	158.72434782608693	32025778.56521739				
1998-08	103.7	83.48	1052.0		11.6	112.6	81.1	35.4	4.9			65.61	103.46238095238098	10923251.047619049				
1998-09	138.4	63.44	1112.0		11.9	109.0	106.5	39.3	3.0			43.81	56.0859090909091	1225290.0				
1998-10	104.5	60.97	1123.0		12.3	100.8	103.8	37.6	2.9			57.54	51.07181818181818	2047150.3181818181				
1998-11	105.7	59.81	1164.0		12.8	101.3	110.0	41.9	2.9			71.46	63.4745	3064219.8				
1998-12	111.6	67.89	1482.0		13.2	113.4	136.5	64.2	3.5			58.93	61.16	2013641.6818181819				
1999-01	108.4	49.22	1167.0		12.2	92.0	119.7	28.5	2.7			55.12	57.291666666666664	1518841.9444444445				
1999-02	104.1	48.77	1199.0		14.6	89.1	120.9	31.8	3.0			70.03	64.3375	5114401.8				
1999-03	102.8	54.48	1385.0		14.1	94.5	132.0	36.5	3.5			80.36	79.74318181818181	8489616.136363637				
1999-04	103.0	54.48	1423.0		13.4	92.2	133.1	36.9	3.3			91.83	77.99772727272727	7321853.045454546				
1999-05	102.2	55.13	1472.0		12.7	92.4	136.5	41.4	2.9			97.64	96.46277777777779	10937127.666666666				
1999-06	101.9	59.38	1626.0		12.3	93.0	139.8	52.8	4.0			125.65	114.63571428571429	12981050.0				
1999-07	102.8	57.54	1618.0		12.1	93.0	143.3	56.2	3.2			116.49	133.54681818181822	14996287.636363637				
1999-08	101.2	56.45	1608.0		12.0	99.1	154.9	61.8	3.1			102.5	107.11909090909089	8385847.681818182				
1999-09	101.5	58.2	1684.0		12.1	99.6	158.5	67.6	3.1			83.12	92.30818181818184	7837753.545454546				
1999-10	101.4	58.43	1716.0		12.4	101.6	164.4	66.5	3.4			97.8	94.56380952380952	7199563.238095238				
1999-11	101.2	60.18	1789.0		12.6	102.2	167.4	72.0	3.5			112.36	111.38238095238094	12576379.714285715				
1999-12	101.3	74.87	2283.0		12.4	118.5	196.7	118.4	4.0			175.26	130.52363636363637	13150525.181818182				
2000-01	102.3	60.57	1830.0		12.2	98.5	167.0	46.1	2.9			172.31	188.9161111111111	26796827.166666668				
2000-02	101.0	60.2	1839.0		12.1	96.4	164.9	55.8	3.4			170.93	179.22238095238095	20712292.666666668				
2000-03	100.6	65.56	2018.0		11.4	102.5	176.6	63.9	3.7			231.88	216.3795454545455	36183785.81818182				
2000-04	100.9	65.69	2039.0		10.8	100.5	174.8	64.5	3.4			226.87	217.50099999999998	24765040.8				
2000-05	101.8	66.41	2101.0		10.2	99.9	176.6	75.8	3.4			190.21	203.33300000000003	20670153.9				
2000-06	102.6	70.67	2294.0		10.1	100.8	181.6	95.7	3.6			171.4	187.42857142857142	19390061.523809522				
2000-07	101.8	69.82	2302.0		10.0	102.2	186.5	99.1	3.6			194.09	186.07333333333332	18762579.23809524				
2000-08	101.0	68.77	2289.0		9.8	108.1	198.9	112.9	3.8			239.99	224.24391304347824	26515146.391304348				
2000-09	101.3	70.21	2367.0		9.8	108.1	201.6	118.3	3.8			199.08	211.4438095238095	20653185.333333332				
2000-10	102.1	70.57	2425.0		9.8	110.2	209.8	114.6	4.1			189.0	194.09272727272722	18349627.363636363				
2000-11	101.5	71.91	2508.0		9.8	111.6	215.5	123.0	4.4			143.42	175.31952380952384	15808843.42857143				
2000-12	101.6	85.42	3025.0		9.9	129.0	252.9	195.5	4.9			143.29	145.80599999999998	11619326.8				
2001-01	102.8	75.43	2733.0		10.0	104.3	212.3	66.7	3.2			173.53	163.10399999999998	16312769.6				
2001-02	102.3	71.58	2655.0		10.2	103.5	214.3	77.4	3.7			164.76	170.69050000000001	20333036.25				
2001-03	101.9	78.6	2964.0		9.6	110.4	232.1	86.2	4.3			169.46	173.05857142857144	16611356.904761905				
2001-04	101.8	76.0	2923.0		9.1	110.4	235.4	87.9	4.4			180.68	170.40619047619046	15147631.904761905				
2001-05	101.8	78.06	3054.0		8.6	111.5	241.6	106.1	4.6			208.8	198.79149999999998	19009134.2				
2001-06	101.6	82.51	3284.0		8.6	112.0	245.4	124.8	4.7			216.11	216.337	23536891.4				
2001-07	100.5	84.07	3364.0		8.6	113.0	248.0	127.7	4.4			196.12	203.10500000000002	19147204.318181816				
2001-08	100.0	84.33	3376.0		8.6	120.1	263.6	144.2	4.6			205.41	197.6113043478261	9755763.43478261				
2001-09	100.6	84.41	3405.0		8.7	119.6	263.9	149.2	4.2			180.25	195.13750000000005	11750029.7				
2001-10	101.1	86.27	3515.0		8.8	123.3	275.1	144.7	4.8			204.04	189.7704347826087	11745368.739130436				
2001-11	101.4	86.61	3578.0		8.9	124.4	281.1	150.2	5.1			226.49	220.30238095238096	18773714.80952381				
2001-12	101.6	108.0	4541.0		8.7	142.7	327.1	239.6	5.7			260.05	242.84650000000002	13851935.1				
2002-01	103.1	87.16	3760.0		8.6	114.8	270.1	78.1	3.7			287.53	286.4965000000001	20982332.2				
2002-02	101.2	85.33	3725.0		8.4	112.6	267.1	89.6	4.0			290.75	291.78000000000003	13005202.105263159				
2002-03	101.1	91.39	4031.0		8.3	120.8	288.2	102.4	4.7			350.75	333.553	21315036.15				
2002-04	101.2	92.03	4110.0		8.3	121.2	292.7	104.0	5.1			386.1	369.63217391304346	20388425.347826086				
2002-05	101.7	92.12	4187.0		8.2	118.5	291.0	125.1	4.7			391.26	399.8752631578947	23902071.52631579				
2002-06	100.5	97.55	4460.0		7.5	120.6	297.8	147.3	5.0			353.79	370.7105263157894	18122927.10526316				
2002-07	100.7	99.7	4597.0		7.3	125.0	310.1	152.2	5.5			326.23	359.498695652174	15327437.086956521				
2002-08	100.1	97.71	4511.0		7.1	130.8	324.3	167.0	5.1			332.9	336.42636363636365	10868267.227272727				
2002-09	100.4	97.51	4521.0		7.6	131.4	326.1	175.3	5.1			334.06	336.3157142857143	12532110.142857144				
2002-10	101.1	99.17	4646.0		8.1	135.7	339.4	169.1	5.9			358.65	350.48521739130445	14103660.347826088				
2002-11	101.6	98.77	4694.0		8.5	136.5	346.1	174.3	5.7			361.15	353.4484999999999	13010018.75				
2002-12	101.5	118.92	5738.0		8.8	155.9	400.7	278.0	6.5			359.07	350.89000000000004	10472166.57142857				
2003-01	102.4	95.85	4696.0		9.3	125.2	328.4	93.8	4.7			345.56	351.8199999999999	10865588.05				
2003-02	101.6	94.41	4701.0		9.6	123.1	326.1	110.6	5.2			383.23	366.41157894736847	14536272.421052631				
2003-03	101.1	98.95	4986.0		9.2	133.1	356.0	125.6	6.0			360.33	375.2925	15217282.1				
2003-04	101.0	100.13	5100.0		8.8	131.9	355.7	129.9	6.2			422.37	393.95681818181816	27336477.818181816				
2003-05	100.8	101.63	5221.0		8.5	130.6	354.4	158.8	5.9			467.1	445.7510526315789	26197061.42105263				
2003-06	100.8	107.22	5550.0		8.4	131.3	358.4	181.9	6.1			503.51	481.34700000000004	22104934.0				
2003-07	100.7	107.87	5615.0		8.3	134.8	369.8	185.8	6.7			457.02	470.83347826086947	26092131.52173913				
2003-08	99.6	106.03	5491.0		8.2	138.9	381.0	204.8	6.4			530.94	499.272380952381	15713056.38095238				
2003-09	100.3	106.99	5556.0		8.2	140.5	388.0	216.9	6.5			566.62	548.4963636363638	22308196.818181816				
2003-10	101.0	111.91	5864.0		8.2	145.3	405.5	209.6	7.1			506.12	595.5313043478261	37710216.782608695				
2003-11	101.0	113.14	5990.0		8.2	146.2	411.8	216.2	6.8			529.27	523.0731578947368	19713071.47368421				
2003-12	101.1	137.24	7344.0		8.6	168.7	479.7	352.5	8.5			567.25	553.1018181818182	18949721.0				
2004-01	101.8	108.01	5932.0		9.1	137.3	396.5	124.1	5.6	28.838794999999998	36.37700000000001	611.1	602.671052631579	22776314.05263158				
2004-02	101.0	110.49	6141.0		9.5	136.5	397.4	149.9	6.6	28.51467368421052	36.09247894736842	670.14	639.2784210526316	22795577.842105262				
2004-03	100.8	114.8	6428.0		8.9	148.0	433.6	168.2	7.8	28.529261904761906	35.01782857142858	752.66	697.5331818181819	27904830.272727273				
2004-04	101.0	114.11	6448.0		8.2	147.5	435.6	170.7	7.8	28.68563181818182	34.446327272727274	631.11	721.6931818181819	37739749.22727273				
2004-05	100.7	114.57	6524.0		7.6	146.5	435.7	209.2	7.4	28.98921666666667	34.816788888888894	581.07	612.1088888888887	23297962.055555556				
2004-06	100.8	122.02	7003.0		7.5	146.8	440.5	246.4	7.9	29.02972380952381	35.29821904761905	583.32	580.9219047619049	22955495.095238097				
2004-07	100.9	120.55	6982.0		7.4	152.1	459.8	236.8	8.4	29.081926086956525	35.67298695652173	540.27	568.4231818181819	16738476.227272727				
2004-08	100.4	118.38	6873.0		7.3	156.6	475.4	270.5	8.3	29.21928571428571	35.6283619047619	584.65	553.625	12597704.409090908				
2004-09	100.4	118.74	6918.0		7.7	158.4	483.9	276.0	8.3	29.22208181818182	35.66098636363636	631.65	611.0400000000001	11921464.136363637				
2004-10	101.1	117.31	6908.0		8.0	164.7	508.6	264.9	8.9	29.070299999999996	36.28716363636364	663.67	664.0076190476191	22422348.23809524				
2004-11	101.1	118.37	7046.0		8.4	167.0	521.2	290.9	9.4	28.591185000000003	37.07927	627.98	657.3842857142859	16739601.666666666				
2004-12	101.1	146.18	8799.0		8.3	193.0	609.5	457.4	11.2	27.904027272727273	37.389568181818184	614.11	585.2063636363636	16604941.318181818				
2005-01	102.6	118.26	7346.0		8.3	151.5	485.6	148.1	6.9	28.009086666666658	36.719253333333334	637.21	607.7686666666666	11908788.285714285				
2005-02	101.2	118.74	7465.0		8.3	151.4	488.7	184.5	8.3	27.995394736842105	36.380994736842105	716.42	665.4405263157893	21931679.05263158				
2005-03	101.3	127.17	8093.0		8.0	164.4	536.2	207.9	10.0	27.626422727272725	36.46970454545454	669.07	688.9909090909093	16513821.545454545				
2005-04	101.1	124.5	8002.0		7.6	167.7	553.1	212.6	9.5	27.810354545454548	35.99349090909091	670.36	688.8766666666667	16558090.857142856				
2005-05	100.8	124.74	8089.0		7.3	167.9	559.4	250.6	9.5	27.95137777777778	35.48470555555555	674.44	657.7355	10181114.85				
2005-06	100.6	132.85	8637.0		7.3	167.0	561.6	313.1	9.9	28.49786666666666	34.72522380952381	706.38	686.0419047619048	20747303.61904762				
2005-07	100.5	132.19	8651.0		7.2	171.9	580.6	306.5	10.7	28.69443181818182	34.56811363636364	778.93	752.1828571428572	28290654.285714287				
2005-08	99.9	132.98	8616.0		7.1	177.5	600.6	336.8	10.6	28.479809090909086	35.01528181818183	882.03	832.5621739130435	40991611.56521739				
2005-09	100.3	135.91	8829.0		7.2	180.6	614.9	350.3	10.7	28.38001363636364	34.80833181818182	1007.76	931.473181818182	54436183.13636363				
2005-10	100.6	133.46	8701.0		7.3	186.3	638.6	332.4	11.5	28.563133333333326	34.33768571428571	934.99	939.712380952381	49770270.85714286				
2005-11	100.7	135.86	8931.0		7.5	187.8	648.0	382.5	12.3	28.762576190476196	33.951385714285706	1037.26	998.6133333333332	37049857.333333336				
2005-12	100.8	170.78	11319.0		7.7	222.0	771.0	585.8	13.8	28.804599999999997	34.16165217391303	1125.6	1100.0386363636367	31090638.818181816				
2006-01	102.4	131.16	9016.0		7.7	168.7	593.3	176.3	8.3	28.228133333333336	34.29327333333333	1315.96	1283.5837500000002	68449365.8125				
2006-02	101.7	132.47	9255.0		7.9	167.5	598.4	217.5	10.1	28.1946052631579	33.73298421052632	1453.44	1393.6631578947365	46634145.684210524				
2006-03	100.8	140.68	9914.0		7.8	184.0	661.5	264.6	12.4	27.87377272727273	33.49191363636364	1434.99	1412.6131818181818	71113087.77272727				
2006-04	100.4	139.28	9833.0		7.6	187.8	677.3	267.8	11.4	27.564476190476192	33.767357142857136	1657.28	1571.1445	102066185.9				
2006-05	100.5	144.43	10257.0		7.5	189.9	687.6	340.6	12.9	27.052744999999998	34.529695000000004	1461.22	1568.735238095238	83836007.42857143				
2006-06	100.3	155.99	11106.0		7.2	192.7	698.8	409.2	14.5	26.983447619047617	34.209261904761895	1494.63	1391.3257142857142	46771938.71428572				
2006-07	100.7	152.55	10883.0		6.9	198.7	724.0	381.5	13.5	26.91582380952381	34.155361904761904	1551.09	1516.450476190476	30407374.95238095				
2006-08	100.2	152.1	10853.0		6.5	204.9	750.1	437.6	14.2	26.761921739130432	34.27365652173913	1626.69	1628.785652173913	40954886.39130435				
2006-09	100.1	155.75	11127.0		6.6	206.5	758.4	468.2	14.3	26.746340909090907	34.087095454545455	1549.99	1560.6409523809523	36123609.23809524				
2006-10	100.3	154.5	11046.0		6.7	215.0	791.9	462.9	15.8	26.867204761904766	33.88909523809524	1613.57	1596.053181818182	41235831.40909091				
2006-11	100.6	157.28	11303.0		6.7	215.2	797.2	508.6	16.2	26.617409523809524	34.235299999999995	1776.68	1699.030476190476	55981633.333333336				
2006-12	100.8	196.92	14263.0		6.9	256.3	954.9	795.2	19.6	26.288154545454542	34.72920454545455	1921.92	1849.2261904761908	52115021.428571425				
2007-01	101.7	156.75	11430.0		7.1	193.5	727.6	255.3	11.7	26.529043750000003	34.389149999999994	1842.93	1829.894705882353	54658081.52941176				
2007-02	101.1	159.41	11757.0		7.2	192.5	728.3	298.0	14.1	26.343289473684205	34.40782631578948	1858.14	1898.075789473684	52287353.94736842				
2007-03	100.6	168.02	12448.0		6.8	210.8	801.4	344.3	16.9	26.10559545454545	34.57291818181819	1935.72	1841.6857142857143	50037830.952380955				
2007-04	100.6	167.51	12494.0		6.4	216.1	826.0	364.5	16.7	25.83835714285714	34.891914285714286	1935.51	1959.4847619047623	47507974.333333336				
2007-05	100.6	170.53	12787.0		5.9	220.2	846.9	472.2	17.5	25.824049999999993	34.90996	1780.33	1843.9176190476196	41376048.9047619				
2007-06	101.0	181.27	13712.0		5.8	224.0	869.0	577.7	18.5	25.90930000000001	34.77530476190476	1897.7	1859.6985	47053207.9				
2007-07	100.9	177.65	13546.0		5.7	230.7	902.9	543.1	19.3	25.540752380952387	35.02983333333333	1993.96	2010.649545454546	59476223.59090909				
2007-08	100.1	173.92	13270.0		5.6	240.4	942.3	584.2	20.0	25.62369130434783	34.89836521739131	1919.89	1900.6739130434785	56424328.39130435				
2007-09	100.8	177.92	13677.0		5.6	241.1	953.2	616.8	18.7	25.334071428571427	35.15853809523809	2071.8	1964.4740000000002	54309508.45				
2007-10	101.6	179.16	13986.0		5.6	249.0	1003.9	684.7	22.2	24.89621363636364	35.392877272727276	2223.06	2144.7565217391307	63392475.69565217				
2007-11	101.2	185.43	14656.0		5.7	250.5	1023.2	740.4	22.6	24.46509523809524	35.911390476190476	2220.11	2207.278095238095	61527899.47619048				
2007-12	101.1	232.72	18591.0		6.1	301.4	1241.5	1235.0	24.9	24.574886363636367	35.78258636363636	2290.51	2282.9014999999995	58195596.6				
2008-01	102.3	179.19	14771.0		6.6	226.0	942.0	364.3	15.6	24.500062500000002	36.0061625	1906.97	2111.997058823529	68477216.8235294				
2008-02	101.2	184.39	15354.0		7.1	228.5	962.3	447.3	21.0	24.527330000000003	36.123125	2063.94	2007.4260000000002	56912296.7				
2008-03	101.2	192.13	16172.0		6.5	245.4	1047.2	503.0	23.2	23.76038	36.791385	2053.93	2023.9749999999997	50804393.4				
2008-04	101.4	194.06	16538.0		6.0	248.1	1074.6	544.1	25.2	23.512913636363635	37.06348181818181	2122.5	2119.090909090909	40921136.31818182				
2008-05	101.4	192.89	16643.0		5.4	253.6	1113.5	672.2	24.3	23.719609523809527	36.91281904761905	2459.88	2363.9375	48515519.65				
2008-06	101.0	203.31	17715.0		5.6	256.6	1136.6	775.2	25.3	23.64323684210526	36.803973684210526	2303.34	2360.4205	42125527.0				
2008-07	100.5	203.31	17758.0		5.7	266.4	1184.9	725.5	28.7	23.34789565217391	36.84173913043478	1966.68	2123.8760869565217	41408042.0				
2008-08	100.4	197.61	17244.0		5.8	275.4	1228.6	782.0	27.1	24.153336363636367	36.25637727272728	1646.14	1745.2519047619048	37842199.666666664				
2008-09	100.8	201.76	17739.0		6.2	276.6	1242.8	861.5	27.2	25.26993333333333	36.348695238095225	1211.84	1341.1154545454547	24030640.76190476				
2008-10	100.9	198.94	17643.0		6.6	281.0	1277.6	879.0	26.7	26.356378260869565	35.28066956521739	773.37	790.2828571428571	10053603.38095238				
2008-11	100.8	196.75	17598.0		7.0	271.4	1244.4	877.4	21.1	27.3337	34.767779999999995	658.14	677.3905263157894	13506431.105263159				
2008-12	100.7	240.63	21681.0		7.8	316.7	1460.1	1350.1	23.3	28.15127272727273	37.993213636363635	631.89	647.0947826086957	6898314.0869565215		332041.0	560671.0	5256.0
2009-01	102.4	185.76	17119.0		8.7	236.3	1101.0	340.2	10.3	32.49225294117647	42.8510294117647	535.04	555.804375	10759299.25		4967.0	6421.0	5971.0
2009-02	101.7	182.98	17098.0		9.4	226.1	1071.8	426.2	13.2	35.814394736842104	45.79152105263157	544.58	552.8794736842106	6518816.0		11056.0	14384.0	7066.0
2009-03	101.3	191.03	18129.0		9.2	239.3	1151.3	457.9	14.2	34.657685	45.246475	689.63	653.0433333333335	5898476.19047619		18542.0	23330.0	8135.0
2009-04	100.7	188.35	18009.0		8.8	237.3	1159.1	485.0	14.1	33.58326363636365	44.27977272727273	832.87	789.694090909091	5295188.454545454		26695.0	32453.0	9325.0
2009-05	100.6	187.22	18007.0		8.5	240.7	1175.1	562.5	13.1	31.994804999999996	43.58301	1087.59	969.9047368421052	8261412.368421053		34514.0	41733.0	9054.0
2009-06	100.6	199.02	19247.0		8.3	241.6	1187.1	674.6	14.7	31.058	43.530735	987.02	1051.7366666666667	12225862.476190476		43731.0	52363.0	11641.0
2009-07	100.6	194.24	18872.0		8.1	246.9	1220.1	633.4	15.2	31.50815217391305	44.355730434782615	1017.47	943.7378260869564	6507338.739130435		54201.0	63288.0	12777.0
2009-08	100.0	189.19	18335.0		7.9	250.9	1229.7	675.8	14.8	31.649661904761913	45.09494761904762	1066.53	1057.3666666666668	8744047.238095239		64432.0	73730.0	13913.0
2009-09	100.0	194.3	18838.0		7.6	250.4	1234.9	751.8	16.8	30.85668636363637	44.87104545454545	1254.52	1186.416818181818	10763477.954545455		76377.0	86158.0	15379.0
2009-10	100.0	193.72	18798.0		7.7	258.6	1275.6	771.9	18.4	29.463986956521744	43.64064347826087	1348.54	1378.356818181818	15945813.181818182		90937.0	101382.0	16494.0
2009-11	100.3	197.4	19215.0		8.2	256.1	1266.9	831.3	18.4	28.903489473684214	43.12108421052632	1374.93	1412.7130000000002	429393173.4		105380.0	116896.0	17367.0
2009-12	100.4	245.37	23827.0		8.2	308.0	1529.9	1365.4	20.6	29.958934782608697	43.836217391304345	1444.61	1411.16	342387973.0		128004.0	142968.0	18526.0
2010-01	101.6	188.2	18938.0		9.0	239.0	1193.6	331.7	11.1	29.83873125	42.57379375000001	1473.81	1519.8873333333333	463829949.0		7354.0	8016.0	19099.0
2010-02	100.9	188.38	19017.0		8.5	231.4	1163.9	421.2	15.2	30.157968421052637	41.306778947368436	1410.85	1415.0089473684209	383447082.05263156		20827.0	23154.0	19858.0
2010-03	100.6	202.51	20589.0		8.5	250.4	1268.2	489.7	18.4	29.559395238095238	40.13002380952381	1572.48	1516.435	380671360.6818182		39795.0	46163.0	20773.0
2010-04	100.3	199.88	20358.0		8.1	251.9	1280.3	527.2	18.9	29.193236363636366	39.22971363636363	1572.84	1617.5627272727274	391892225.0		61322.0	72265.0	21593.0
2010-05	100.5	198.28	20279.0		7.2	257.9	1317.6	642.2	19.1	30.43492105263158	38.263473684210524	1384.59	1391.6205263157894	583467362.4210526		81715.0	97227.0	22414.0
2010-06	100.4	212.36	21795.0		6.7	261.0	1336.6	793.1	19.3	31.17433809523809	38.10896666666666	1339.35	1382.2547619047618	496488430.38095236		105624.0	125900.0	22279.0
2010-07	100.4	207.05	21325.0		6.8	268.8	1380.8	683.5	20.8	30.679113043478264	39.07175217391305	1479.73	1402.1368181818182	526696334.77272725		131331.0	157548.0	23358.0
2010-08	100.6	200.4	20753.0		6.7	273.7	1414.6	794.7	23.6	30.351004761904765	39.21346666666667	1421.21	1458.4968181818183	448461191.1363636		156876.0	188524.0	24427.0
2010-09	100.8	201.2	20999.0		6.5	269.3	1408.4	882.9	23.2	30.811859090909095	40.09299545454546	1507.66	1477.9509090909094	519376762.0		185016.0	222960.0	25026.0
2010-10	100.5	199.8	20970.0		6.7	277.9	1462.6	931.2	24.5	30.322836363636362	42.085536363636365	1587.14	1580.9985714285715	586592203.5714285		215522.0	260473.0	25348.0
2010-11	100.8	203.2	21486.0		6.6	276.8	1470.9	977.7	24.5	30.986640000000005	42.32888	1597.35	1605.1485714285716	520669218.38095236		247797.0	301479.0	26075.0
2010-12	101.1	262.1	28027.0		7.0	329.7	1771.1	1676.3	27.0	30.85773043478261	40.78209130434783	1770.28	1733.2986363636364	467750699.22727275		298213.0	364634.0	23564.0
2011-01	102.4	190.8	20669.0		7.6	248.2	1360.9	367.8	16.2	29.991920000000004	40.22191333333333	1870.31	1877.6766666666665	518110629.93333334	9818047.826	15135.0	19901.0	24333.0
2011-02	100.8	189.1	20680.0		7.4	245.0	1354.1	486.3	21.7	29.32114736842106	40.01045263157894	1969.91	1899.6173684210528	526797818.7894737	9729657.755	40421.0	54280.0	24221.0
2011-03	100.6	206.0	22673.0		7.0	263.1	1465.1	567.9	26.8	28.463686363636363	39.798913636363636	2044.2	1988.4450000000004	443251171.04545456	9920657.09	74750.0	101913.0	24476.0
2011-04	100.4	203.7	22519.0		7.1	265.5	1484.7	611.1	26.9	28.084022727272725	40.55246818181818	2026.94	2051.2328571428575	438297785.52380955	10018028.383	111521.0	152437.0	24586.0
2011-05	100.5	204.7	22779.0		6.2	273.0	1532.2	766.9	27.9	27.934284210526314	40.01653684210526	1888.6	1868.021	485088753.5	10230435.577	151795.0	204872.0	25007.0
2011-06	100.2	216.4	24137.0		6.0	276.2	1551.4	928.0	27.5	27.98714761904761	40.263290476190484	1906.71	1885.7209523809524	463866642.14285713	10280337.321	195803.0	265304.0	25462.0
2011-07	100.0	211.6	23598.0		6.4	285.3	1599.2	824.0	26.9	27.91225454545455	39.90743636363636	1965.02	1951.1419047619052	501496801.61904764	10516464.489	238957.0	323275.0	25369.0
2011-08	99.8	207.6	23051.0		6.0	296.2	1652.6	969.2	29.4	28.746490909090905	41.21725909090908	1702.28	1675.509130434783	525636792.3913044	10618898.215	286350.0	386388.0	25497.0
2011-09	100.0	211.3	23468.0		6.0	294.7	1643.2	1060.9	26.8	30.571731818181817	42.19585	1341.09	1523.6881818181819	446633800.1818182	10720910.976	337076.0	452674.0	25583.0
2011-10	100.5	211.5	23602.0		6.2	303.3	1701.3	1175.4	28.7	31.388166666666674	42.921757142857146	1563.28	1417.627619047619	392928430.3333333	10920214.634	390319.0	521529.0	25821.0
2011-11	100.4	216.8	24296.0		6.2	300.2	1693.9	1192.3	29.8	30.822985714285714	41.86537142857142	1540.81	1496.6590476190477	418797251.8095238	10876079.134	446614.0	596508.0	26006.0
2011-12	100.4	291.4	32809.0		6.0	360.6	2044.0	2085.9	30.0	31.49111739130435	41.494239130434785	1381.87	1420.8172727272727	343046707.5	11061371.67	520658.0	697417.0	25946.0
2012-01	100.5	210.4	23746.0		6.3	267.2	1524.5	457.3	19.1	31.238300000000002	40.27216666666667	1577.29	1486.6457142857141	314028704.8095238	11871363.018	28221.0	38547.0	26188.0
2012-02	100.4	212.1	24036.0		6.2	265.8	1524.4	602.3	24.7	29.885460000000002	39.482234999999996	1734.99	1654.3149999999998	300962032.85	11638441.815	73185.0	102204.0	26254.0
2012-03	100.6	224.2	25487.0		6.3	284.2	1640.8	670.5	28.4	29.33186363636364	38.7875090909091	1637.73	1700.5909523809526	333985464.9047619	11793393.15	126619.0	178821.0	25455.0
2012-04	100.3	226.2	25800.0		5.6	284.8	1650.1	709.9	26.8	29.490885714285717	38.81446666666667	1593.97	1608.1514285714281	265652488.80952382	11984283.356	184306.0	263422.0	25461.0
2012-05	100.5	230.5	26385.0		5.2	294.1	1712.9	931.6	28.2	30.80437	39.44120499999999	1242.43	1384.263043478261	242148746.7826087	12259615.055	239391.0	342711.0	25487.0
2012-06	100.9	238.1	27494.0		5.2	298.0	1749.2	1089.0	27.0	32.87836666666666	41.213104761904766	1350.51	1296.7430000000002	530618617.15	12509440.096	294563.0	423056.0	25424.0
2012-07	101.2	228.6	26684.0		5.2	303.3	1794.1	976.6	29.7	32.52510476190474	40.016895238095245	1377.35	1368.9445454545455	986593663.3636364	12833439.906	352113.0	509177.0	25496.0
2012-08	100.1	220.1	25718.0		5.0	311.8	1848.7	1099.1	30.0	31.956795652173913	39.570678260869556	1389.72	1421.0765217391306	915016574.7391304	12830585.718	416136.0	603023.0	25423.0
2012-09	100.6	221.2	25996.0		5.0	310.3	1849.6	1149.3	27.4	31.51765714285714	40.463519047619044	1475.7	1486.9629999999997	1267608117.15	13032058.272	474639.0	688941.0	25166.0
2012-10	100.5	227.0	26803.0		5.1	317.4	1904.5	1373.0	32.2	31.115650000000002	40.3385409090909	1433.96	1479.5004347826084	919093395.6086956	13057606.215	542314.0	789651.0	25030.0
2012-11	100.3	231.7	27448.0		5.2	315.2	1900.3	1303.3	30.6	31.39876666666667	40.29328095238095	1436.55	1411.4133333333334	878914024.3333334	13196494.804	610097.0	892512.0	24798.0
2012-12	100.5	306.1	36450.0		5.1	378.5	2295.4	2224.2	31.9	30.737259090909095	40.31327272727273	1526.98	1497.7514999999999	859346673.7	13434237.307	688997.0	1014327.0	27548.0
2013-01	101.0	222.6	26840.0		6.0	279.0	1710.7	511.4	21.7	30.227143749999996	40.27493749999999	1622.13	1596.3072222222222	1010763055.2222222	14251046.02	33559.0	51463.0	28164.0
2013-02	100.6	220.3	26620.0		5.8	274.0	1690.3	652.5	26.5	30.163069999999998	40.375209999999996	1534.41	1580.0280000000002	965135174.4	14069260.194	83714.0	131390.0	28038.0
2013-03	100.3	236.9	28693.0		5.7	297.0	1840.3	741.5	28.4	30.800290476190476	39.935566666666666	1460.04	1498.2224999999999	974826240.25	14396192.877	141998.0	224198.0	27867.0
2013-04	100.5	246.8	30026.0		5.6	297.0	1850.3	771.6	29.8	31.35021428571428	40.779885714285705	1407.21	1391.4609090909091	933759825.1363636	14738945.503	210855.0	336147.0	27940.0
2013-05	100.7	242.9	29723.0		5.2	303.8	1902.3	987.0	26.4	31.305883333333334	40.54167777777778	1331.43	1405.8400000000001	901588536.6666666	15210053.506	269345.0	429169.0	27710.0
2013-06	100.4	252.3	30986.0		5.4	309.0	1940.2	1160.1	28.2	32.306795	42.594809999999995	1275.44	1281.4668421052631	918888173.5789474	15227267.943	335086.0	535116.0	26745.0
2013-07	100.8	244.3	30229.0		5.3	316.7	1991.2	1053.2	30.3	32.74075	42.81303181818181	1313.38	1328.6795652173914	776706848.6521739	15632019.374	409742.0	654681.0	27325.0
2013-08	100.1	236.4	29226.0		5.2	324.9	2041.1	1147.2	28.4	33.02487391304348	43.969321739130436	1290.96	1320.0922727272723	668717240.7272727	15796827.101	484145.0	774525.0	27374.0
2013-09	100.2	236.9	29346.0		5.3	320.4	2019.7	1202.5	28.7	32.60167	43.4832	1422.49	1401.7638095238092	996733981.3809524	15945652.852	555898.0	894471.0	26319.0
2013-10	100.6	241.4	30069.0		5.5	327.7	2083.1	1449.9	30.6	32.09922608695653	43.74767826086956	1480.42	1479.1260869565217	1011770156.6521739	15945713.302	637421.0	1028999.0	26178.0
2013-11	100.6	243.3	30290.0		5.4	328.1	2099.5	1431.9	29.8	32.693999999999996	44.15250952380953	1402.93	1437.415	1019963079.5	16062065.195	717265.0	1160598.0	25639.0
2013-12	100.5	316.8	39648.0		5.6	391.7	2517.2	2341.5	32.5	32.88070476190477	45.02860952380953	1442.73	1414.4409523809522	962860256.1428572	16260794.307	823175.0	1338731.0	25443.0
2014-01	100.6	235.4	29535.0	100.0	5.6	286.7	1867.1	492.2	21.0	33.78435294117647	46.058758823529416	1301.02	1372.9189473684207	1027750953.6842105	16957531.046	47662.0	79003.0	25567.0
2014-02	100.7	231.6	29255.0	98.7	5.6	285.3	1871.3	643.2	24.1	35.24404000000001	48.106415	1267.27	1316.275	909164725.95	16689419.876	117701.0	197265.0	25856.0
2014-03	101.0	247.6	31486.0	107.2	5.4	309.8	2054.5	728.4	27.4	36.198564999999995	50.031365	1226.1	1149.434	1694078801.95	16908023.987	197896.0	333115.0	25767.0
2014-04	100.9	257.0	32947.0	104.7	5.3	305.5	2042.9	770.4	27.8	35.66772727272728	49.24076818181818	1155.7	1181.918181818182	1116227791.2272727	16563850.172	291566.0	493603.0	26075.0
2014-05	100.9	249.6	32272.0	104.0	4.9	310.7	2095.0	991.1	26.2	34.833655	47.837295000000005	1295.75	1263.9934999999998	1090083080.9	16847470.633	369809.0	628163.0	26357.0
2014-06	100.7	259.8	33726.0	104.5	4.9	312.6	2118.8	1180.5	26.7	34.449533333333335	46.863083333333336	1366.08	1361.0952631578946	1002687436.2105263	16756486.453	448163.0	766009.0	26368.0
2014-07	100.5	249.2	32515.0	105.7	4.9	322.3	2192.2	1075.1	29.2	34.635408695652174	46.95678695652175	1219.36	1314.867391304348	921454604.2608696	16883219.666	538045.0	922855.0	26859.0
2014-08	100.2	235.2	30763.0	105.7	4.8	331.9	2263.8	1168.5	25.3	36.098427272727264	48.09929090909091	1190.23	1222.8038095238094	816057946.0	17111774.601	620874.0	1067947.0	27005.0
2014-09	100.7	242.5	31929.0	107.0	4.9	326.6	2241.3	1204.0	26.0	37.90178095238095	48.97813333333333	1123.72	1194.9831818181815	819897595.1818181	17271181.04	703771.0	1215518.0	26961.0
2014-10	100.8	244.7	32439.0	112.9	5.1	333.8	2310.9	1468.5	26.8	40.79868695652175	51.75546086956523	1091.44	1073.0447826086956	772356610.6956521	17297538.235	796585.0	1379684.0	27205.0
2014-11	101.3	242.2	32546.0	111.7	5.2	334.1	2343.6	1372.5	23.1	46.217484210526315	57.68354736842105	974.27	1030.3415789473684	761430105.7894737	17685383.356	881772.0	1528991.0	27691.0
2014-12	102.6	306.4	42136.0	122.6	5.3	411.6	2954.8	2433.3	24.5	55.77043636363637	68.76348181818182	790.71	824.7286363636365	858026699.9545455	18087076.173	1012064.0	1753294.0	28954.0
2015-01	103.9	218.5	30929.0	101.3	5.5	274.6	2050.5	516.9	12.2	65.1530875	75.33771250000001	737.35	770.0152631578945	525655407.8947368	18552681.778	43016.0	70259.0	29638.0
2015-02	102.2	216.9	31325.0	98.5	5.8	264.4	2024.4	680.7	15.4	64.51817368421052	73.29496315789474	896.63	859.3757894736842	700279099.1578947	19328702.357	92052.0	149640.0	30176.0
2015-03	101.2	224.3	32642.0	109.2	5.9	282.4	2196.6	772.1	17.1	60.363090000000014	65.41292000000001	880.42	866.9057142857143	561881323.5714285	19077331.711	135162.0	217176.0	31342.0
2015-04	100.5	235.3	34377.0	104.1	5.8	275.6	2158.9	812.8	16.2	53.21869545454546	57.357150000000004	1029.31	1001.2504545454548	698925199.2272727	19092873.366	184431.0	297857.0	32418.0
2015-05	100.4	234.8	34380.0	102.9	5.6	281.7	2213.7	1004.2	15.3	50.46795789473685	56.306305263157896	968.81	1046.875	620784877.3333334	19132818.557	228196.0	371332.0	33286.0
2015-06	100.2	241.4	35395.0	104.6	5.3	282.8	2223.3	1203.8	16.2	54.44904000000001	61.103890000000014	939.93	952.0895238095237	488218388.14285713	19383169.729	280440.0	458999.0	34104.0
2015-07	100.8	229.4	33901.0	105.9	5.3	291.9	2301.1	1078.4	16.8	57.17966956521739	62.98847826086957	858.82	893.1265217391306	473399960.0	19892300.219	338512.0	555335.0	34867.0
2015-08	100.4	217.2	32176.0	106.5	5.3	300.9	2376.7	1209.1	16.2	65.42299047619048	72.83989523809525	833.6	811.25	467987243.38095236	20402581.119	396147.0	650852.0	36185.0
2015-09	100.6	220.9	32911.0	107.5	5.2	291.9	2322.6	1272.7	16.8	66.78289545454545	75.03959545454545	789.73	797.313181818182	410492668.5	21121679.839	461182.0	759239.0	36918.0
2015-10	100.7	222.2	33357.0	113.1	5.5	296.5	2385.2	1547.6	16.9	63.24558695652174	71.04058260869567	845.54	850.0190909090911	551462416.5454545	21214913.325	526707.0	870312.0	37647.0
2015-11	100.8	220.7	33347.0	112.5	5.8	293.6	2387.3	1446.8	16.4	65.02956315789474	69.8765052631579	847.1	861.5535	548117512.05	21192815.018	594192.0	982732.0	38995.0
2015-12	100.8	285.1	43408.0	121.4	5.8	353.8	2898.1	2460.3	17.5	69.70484782608695	75.78508695652172	757.04	785.2659090909091	413414292.8636364	21491188.196	699419.0	1157760.0	39524.0
2016-01	101.0	211.8	32660.0	100.4	5.8	257.9	2129.5		9.8	77.934425	84.7717375	745.3	692.9949999999999	453837905.5	23219077.301	37141.0	61763.0	41155.0
2016-02	100.6	218.6	33873.0	100.5	5.8	254.8	2119.0		12.9	77.32849473684212	85.9539842105263	768.8	722.8576190476191	425638876.14285713	22801529.296	117372.0	204390.0	42208.0
2016-03	100.5	228.0	35501.0	110.3	6.0	268.6	2247.8		15.4	70.41831904761905	78.14841904761906	876.2	844.262727272727	513491770.45454544	22970505.53	188449.0	323380.0	43202.0
2016-04	100.4	233.2	36497.0	104.0	5.9	264.0	2222.6		15.1	66.68263636363636	75.60654999999998	951.11	907.4023809523808	633285554.6666666	22518875.512	261125.0	446285.0	43976.0
2016-05	100.4	237.2	37270.0	103.5	5.6	266.9	2258.1		14.4	65.83865555555558	74.36001111111109	904.33	911.2842105263161	503370921.57894737	22673775.428	322703.0	550082.0	45280.0
2016-06	100.4	243.6	38447.0	105.9	5.4	268.8	2283.3		16.0	65.21926666666668	73.2865	930.77	919.8428571428574	486620818.28571427	22924699.894	390085.0	664227.0	45764.0
2016-07	100.5	226.1	35888.0	106.4	5.3	279.5	2381.2		16.1	64.33796818181818	71.19549090909092	927.57	940.0280952380953	444538644.14285713	23062716.722	455219.0	774990.0	46362.0
2016-08	100.0	222.7	35405.0	108.8	5.2	288.5	2458.4		18.4	64.93652727272728	72.79634090909092	950.25	952.9582608695652	369216724.82608694	23453188.007	528274.0	899870.0	47204.0
2016-09	100.2	224.9	35843.0	110.2	5.2	283.0	2418.5		18.0	64.55720454545455	72.3625772727273	990.88	981.319090909091	420171797.04545456	23375072.116	602553.0	1026667.0	47272.0
2016-10	100.4	223.6	35749.0	116.6	5.4	283.8	2443.8		18.2	62.62000476190476	69.12535238095238	988.74	994.8485714285714	363997073.2380952	23318286.553	674727.0	1151728.0	47715.0
2016-11	100.4	225.6	36195.0	118.5	5.4	281.3	2435.5		17.6	64.31373809523811	69.53885238095239	1029.05	995.1480952380953	537832810.2380953	23374080.265	753064.0	1288531.0	48336.0
2016-12	100.4	295.3	47554.0	126.3	5.3	335.6	2919.6		19.6	62.09129130434781	65.51931304347828	1152.33	1117.6736363636362	596798759.0454545	23674251.628	856427.0	1472254.0	48047.0
2017-01	100.6	219.7	34422.0	107.3	5.6	253.0	2214.9		13.6	59.62985625	63.56341875000001	1164.15	1163.3238095238096	545714361.3809524	24200322.09	40039.0	71083.0	48927.0
2017-02	100.2	225.6	35497.0	102.3	5.6	248.2	2176.6		15.5	58.53936111111112	62.40105555555557	1099.46	1159.53	548477883.4736842	24015186.386	97826.0	174330.0	49516.0
2017-03	100.1	240.5	37899.0	114.4	5.4	268.8	2361.2		19.0	58.006631818181816	62.00028636363634	1113.76	1102.8727272727272	566049491.3181819	24075589.658	178334.0	321074.0	50577.0
2017-04	100.3	248.4	39225.0	108.7	5.3	265.3	2336.8		18.3	56.43561428571428	60.460904761904764	1114.43	1103.7865	534778007.8	23967631.83	259996.0	470577.0	51362.0
2017-05	100.4	250.4	39679.0	110.1	5.2	270.3	2386.3		19.6	56.95006842105265	62.95527368421053	1053.3	1092.0445	547790586.6	24273419.809	338765.0	615484.0	52462.0
2017-06	100.6	260.2	41454.0	111.7	5.1	273.3	2421.3		20.8	57.89317619047618	64.96590476190475	1000.96	1011.5990476190477	566299067.9523809	24276548.487	423482.0	772692.0	52260.0
2017-07	100.1	239.6	38073.0	111.3	5.1	283.7	2509.9		20.8	59.69267619047619	68.62092380952379	1007.14	1020.5066666666668	476565665.3333333	24897140.164	507866.0	927297.0	53512.0
2017-08	99.5	235.1	37099.0	114.5	4.9	293.6	2585.5		22.4	59.61272608695653	70.37159999999999	1095.84	1041.555652173913	461512082.04347825	24861335.612	602220.0	1101396.0	53879.0
2017-09	99.9	241.7	38047.0	114.7	5.0	292.2	2569.9		20.6	57.74469090909092	68.79167272727271	1136.75	1118.5452380952383	553761639.0952381	24798365.101	700634.0	1285259.0	54550.0
2017-10	100.2	243.1	38333.0	119.3	5.0	293.9	2594.0		21.5	57.69805238095238	67.85532857142859	1113.41	1134.6163636363635	480421797.6818182	24762043.863	813342.0	1498318.0	55644.0
2017-11	100.2	245.8	38848.0	119.8	5.1	290.4	2571.2		22.0	58.92655238095239	69.13203333333333	1131.56	1142.2590476190478	738756177.5238096		935632.0	1730933.0	56309.0
2017-12	100.4	322.5	51197.0	126.6	5.1	346.7	3085.7		24.2	58.573854545454566	69.33787727272727	1154.43	1139.3585714285714	449384454.47619045	24996930.627	1086939.0	2021398.0	54575.0
2018-01	100.3	246.1	39017.0	110.1	5.2	261.8	2330.4		16.7	56.49810000000001	69.02000000000001	1282.36	1261.16	689055117.2	25987406.278	78043.0	148275.0	55965.0
2018-02	100.2	252.2	40443.0	105.4	5.0	254.7	2271.8		19.1	56.80670526315789	70.30125263157893	1285.47	1260.0884210526312	806000487.0526316	25471747.486	180697.0	347215.0	56636.0
2018-03	100.3	264.1	42364.0	117.4	5.0	277.9	2486.4		21.7	57.06360476190476	70.3558619047619	1249.41	1260.0009523809522	674310259.8571428	25765506.098	299399.0	581971.0	56469.0
2018-04	100.4	270.4	43381.0	112.0	4.9	274.8	2468.6		21.0	60.76989047619046	74.64851428571428	1153.96	1155.8668181818184	931793214.2272727	26055183.806	424699.0	831238.0	57186.0
2018-05	100.4	272.8	44076.0	113.8	4.7	279.2	2522.6		21.4	62.2309	73.51863157894736	1162.98	1169.859047619048	584160415.5714285	26743710.437	542814.0	1066642.0	58002.0
2018-06	100.5	282.7	45848.0	114.1	4.7	283.7	2573.3		21.1	62.76850476190475	73.26981428571429	1154.16	1137.927619047619	546195079.1428572	26703240.089	663352.0	1309282.0	58056.0
2018-07	100.3	260.6	42413.0	115.2	4.7	291.6	2643.9		21.2	62.861947619047626	73.44673333333333	1173.06	1160.0695454545453	531864914.1818182	26991730.273	785111.0	1555677.0	59294.0
2018-08	100.0	254.1	41364.0	117.6	4.6	302.7	2744.0		21.7	66.07640869565218	76.2987	1092.29	1088.7895652173909	557729757.4347826	27065096.613	911333.0	1815652.0	59893.0
2018-09	100.2	256.4	41774.0	117.4	4.5	299.4	2719.1		19.8	67.66609523809524	78.89983333333333	1192.04	1110.5314999999998	626464439.1		1033354.0	2070498.0	60282.0
2018-10	100.4	259.2	42332.0	125.6	4.7	300.6	2744.9		21.5	65.85452727272725	75.71962272727274	1126.21	1142.158260869565	645922855.6086956	26934424.988	1174604.0	2370237.0	61103.0
2018-11	100.5	259.2	42595.0	125.1	4.8	300.3	2762.8		21.3	66.35568095238095	75.41989523809522	1126.14	1126.2809523809526	623912930.1904762	27074348.164	1174604.0	2370237.0	61103.0
2018-12	100.8	335.1	55569.0	134.9	4.8	356.8	3311.6		22.4	67.33531363636365	76.65442727272728	1068.72	1106.7190476190476	487779996.95238096	27156149.667	1314573.0	2671789.0	60999.0
2019-01	101.0	250.7	42263.0	112.2	4.9	267.9	2507.5		16.4	66.51254374999999	75.9632125	1214.45	1161.3629999999998	518641480.7	28460229.098			
2019-02	100.4	253.4	43062.0	109.2	4.9	261.0	2454.6		18.3	65.81052500000001	74.72684000000001	1188.28	1195.4445	541808488.4	27744438.719			
2019-03	100.3	271.7	46324.0	119.5	4.7	285.0	2690.4		21.0	65.09225714285714	73.66820952380951	1198.11	1201.687	549461853.05	28168326.306			
2019-04	100.3	280.4	48030.0	116.7	4.7	280.7	2656.9		22.1	64.60310476190477	72.62304761904761	1248.39	1247.9504545454547	601681288.6363636	28215469.978			
2019-05	100.3	278.7	47926.0	113.8	4.5	284.9	2703.2		19.9	64.81870555555555	72.49447777777779	1287.09	1258.1095238095236	710814088.7619047	28810304.101			
2019-06	100.0	286.8	49348.0	116.3	4.4	289.2	2741.0		20.0	64.16904999999998	72.39603	1380.52	1352.0863157894737	803984841.6842105	28805649.978			
2019-07	100.2	269.3	46509.0	118.5	4.5	296.1	2807.0		22.4	63.222681818181826	70.9685909090909	1360.04	1374.7460869565216	676447136.6956521	28982533.771			
2019-08	99.8	260.4	44961.0	121.0	4.3	306.2	2897.5		22.0	65.58748260869568	72.97036956521741	1293.32	1279.6072727272729	670552799.9090909				
2019-09	99.8	263.8	45541.0	121.9	4.5	302.2	2856.2		21.0	64.958705	71.55244000000002	1333.91	1353.9704761904763	719007794.2857143	29462835.022			
2019-10	100.1	269.1	46549.0	129.5	4.6	306.4	2904.6		23.9	64.37499130434783	71.0582347826087	1422.92	1358.5091304347825	786174535.7391304	29351134.513			
2019-11	100.3	266.6	46285.0	126.0	4.6	308.0	2932.5		23.3	63.867119047619035	70.6082142857143	1438.45	1452.2234999999996	912880466.15	29382939.168			
2019-12	100.4	357.3	62239.0	137.3	4.6	363.4	3472.9		24.4	62.93253809523809	69.89192857142858	1548.92	1494.4980952380956	757926007.1428572	29597427.819			
2020-01	100.4	266.2	46674.0	113.6	4.6	275.1	2639.8		17.1	61.81214705882353	68.57083529411766	1517.07	1592.5805	1064810722.45	30549014.128			
2020-02	100.3	267.5	47257.0	112.9	4.6	273.2	2628.9		18.7	63.97975000000001	69.852565	1299.69	1506.3384210526315	1216467446.4736843	30173557.393			
2020-03	100.6	286.5	50948.0	120.1	4.7	301.0	2917.5		20.4	73.71944210526317	81.49284736842105	1014.44	1050.7980952380951	1837732407.952381	30820813.544			
2020-04	100.8	274.2	49306.0	109.1	5.8	215.5	2110.0		17.6	74.76353333333334	81.2116722222222	1125.03	1086.7336363636364	1172953214.8181818	31465703.698			
2020-05	100.3	280.8	50747.0	103.1	6.1	230.0	2257.3		17.2	72.50029444444444	78.96706666666665	1219.76	1165.3905263157894	1075120774.1578948	31480286.73			
2020-06	100.2			105.5	6.2	266.3	2623.5			69.19671500000001	77.88653000000001	1212.63	1256.804	1197711913.35				
